Number,Verse
0,Matthew 3:15
1,Matthew 4:4
2,Matthew 4:7
3,Matthew 4:10
4,Matthew 4:17
5,Matthew 4:19
6,Matthew 5:3
7,Matthew 5:4
8,Matthew 5:5
9,Matthew 5:6
10,Matthew 5:7
11,Matthew 5:8
12,Matthew 5:9
13,Matthew 5:10
14,Matthew 5:11
15,Matthew 5:12
16,Matthew 5:13
17,Matthew 5:14
18,Matthew 5:15
19,Matthew 5:16
20,Matthew 5:17
21,Matthew 5:18
22,Matthew 5:19
23,Matthew 5:20
24,Matthew 5:21
25,Matthew 5:22
26,Matthew 5:23
27,Matthew 5:24
28,Matthew 5:25
29,Matthew 5:26
30,Matthew 5:27
31,Matthew 5:28
32,Matthew 5:29
33,Matthew 5:30
34,Matthew 5:31
35,Matthew 5:32
36,Matthew 5:33
37,Matthew 5:34
38,Matthew 5:35
39,Matthew 5:36
40,Matthew 5:37
41,Matthew 5:38
42,Matthew 5:39
43,Matthew 5:40
44,Matthew 5:41
45,Matthew 5:42
46,Matthew 5:43
47,Matthew 5:44
48,Matthew 5:45
49,Matthew 5:46
50,Matthew 5:47
51,Matthew 5:48
52,Matthew 6:1
53,Matthew 6:2
54,Matthew 6:3
55,Matthew 6:4
56,Matthew 6:5
57,Matthew 6:6
58,Matthew 6:7
59,Matthew 6:8
60,Matthew 6:9
61,Matthew 6:10
62,Matthew 6:11
63,Matthew 6:12
64,Matthew 6:13
65,Matthew 6:14
66,Matthew 6:15
67,Matthew 6:16
68,Matthew 6:17
69,Matthew 6:18
70,Matthew 6:19
71,Matthew 6:20
72,Matthew 6:21
73,Matthew 6:22
74,Matthew 6:23
75,Matthew 6:24
76,Matthew 6:25
77,Matthew 6:26
78,Matthew 6:27
79,Matthew 6:28
80,Matthew 6:29
81,Matthew 6:30
82,Matthew 6:31
83,Matthew 6:32
84,Matthew 6:33
85,Matthew 6:34
86,Matthew 7:1
87,Matthew 7:2
88,Matthew 7:3
89,Matthew 7:4
90,Matthew 7:5
91,Matthew 7:6
92,Matthew 7:7
93,Matthew 7:8
94,Matthew 7:9
95,Matthew 7:10
96,Matthew 7:11
97,Matthew 7:12
98,Matthew 7:13
99,Matthew 7:14
100,Matthew 7:15
101,Matthew 7:16
102,Matthew 7:17
103,Matthew 7:18
104,Matthew 7:19
105,Matthew 7:20
106,Matthew 7:21
107,Matthew 7:22
108,Matthew 7:23
109,Matthew 7:24
110,Matthew 7:25
111,Matthew 7:26
112,Matthew 7:27
113,Matthew 8:3
114,Matthew 8:4
115,Matthew 8:7
116,Matthew 8:10
117,Matthew 8:11
118,Matthew 8:12
119,Matthew 8:13
120,Matthew 8:20
121,Matthew 8:22
122,Matthew 8:26
123,Matthew 8:32
124,Matthew 9:2
125,Matthew 9:4
126,Matthew 9:5
127,Matthew 9:6
128,Matthew 9:9
129,Matthew 9:12
130,Matthew 9:13
131,Matthew 9:15
132,Matthew 9:16
133,Matthew 9:17
134,Matthew 9:22
135,Matthew 9:24
136,Matthew 9:28
137,Matthew 9:29
138,Matthew 9:30
139,Matthew 9:37
140,Matthew 9:38
141,Matthew 10:5
142,Matthew 10:6
143,Matthew 10:7
144,Matthew 10:8
145,Matthew 10:9
146,Matthew 10:10
147,Matthew 10:11
148,Matthew 10:12
149,Matthew 10:13
150,Matthew 10:14
151,Matthew 10:15
152,Matthew 10:16
153,Matthew 10:17
154,Matthew 10:18
155,Matthew 10:19
156,Matthew 10:20
157,Matthew 10:21
158,Matthew 10:22
159,Matthew 10:23
160,Matthew 10:24
161,Matthew 10:25
162,Matthew 10:26
163,Matthew 10:27
164,Matthew 10:28
165,Matthew 10:29
166,Matthew 10:30
167,Matthew 10:31
168,Matthew 10:32
169,Matthew 10:33
170,Matthew 10:34
171,Matthew 10:35
172,Matthew 10:36
173,Matthew 10:37
174,Matthew 10:38
175,Matthew 10:39
176,Matthew 10:40
177,Matthew 10:41
178,Matthew 10:42
179,Matthew 11:4
180,Matthew 11:5
181,Matthew 11:6
182,Matthew 11:7
183,Matthew 11:8
184,Matthew 11:9
185,Matthew 11:10
186,Matthew 11:11
187,Matthew 11:12
188,Matthew 11:13
189,Matthew 11:14
190,Matthew 11:15
191,Matthew 11:16
192,Matthew 11:17
193,Matthew 11:18
194,Matthew 11:19
195,Matthew 11:21
196,Matthew 11:22
197,Matthew 11:23
198,Matthew 11:24
199,Matthew 11:25
200,Matthew 11:26
201,Matthew 11:27
202,Matthew 11:28
203,Matthew 11:29
204,Matthew 11:30
205,Matthew 12:3
206,Matthew 12:4
207,Matthew 12:5
208,Matthew 12:6
209,Matthew 12:7
210,Matthew 12:8
211,Matthew 12:11
212,Matthew 12:12
213,Matthew 12:13
214,Matthew 12:25
215,Matthew 12:26
216,Matthew 12:27
217,Matthew 12:28
218,Matthew 12:29
219,Matthew 12:30
220,Matthew 12:31
221,Matthew 12:32
222,Matthew 12:33
223,Matthew 12:34
224,Matthew 12:35
225,Matthew 12:36
226,Matthew 12:37
227,Matthew 12:39
228,Matthew 12:40
229,Matthew 12:41
230,Matthew 12:42
231,Matthew 12:43
232,Matthew 12:44
233,Matthew 12:45
234,Matthew 12:48
235,Matthew 12:49
236,Matthew 12:50
237,Matthew 13:3
238,Matthew 13:4
239,Matthew 13:5
240,Matthew 13:6
241,Matthew 13:7
242,Matthew 13:8
243,Matthew 13:9
244,Matthew 13:11
245,Matthew 13:12
246,Matthew 13:13
247,Matthew 13:14
248,Matthew 13:15
249,Matthew 13:16
250,Matthew 13:17
251,Matthew 13:18
252,Matthew 13:19
253,Matthew 13:20
254,Matthew 13:21
255,Matthew 13:22
256,Matthew 13:23
257,Matthew 13:24
258,Matthew 13:25
259,Matthew 13:26
260,Matthew 13:27
261,Matthew 13:28
262,Matthew 13:29
263,Matthew 13:30
264,Matthew 13:31
265,Matthew 13:32
266,Matthew 13:33
267,Matthew 13:37
268,Matthew 13:38
269,Matthew 13:39
270,Matthew 13:40
271,Matthew 13:41
272,Matthew 13:42
273,Matthew 13:43
274,Matthew 13:44
275,Matthew 13:45
276,Matthew 13:46
277,Matthew 13:47
278,Matthew 13:48
279,Matthew 13:49
280,Matthew 13:50
281,Matthew 13:51
282,Matthew 13:52
283,Matthew 13:57
284,Matthew 14:16
285,Matthew 14:18
286,Matthew 14:27
287,Matthew 14:29
288,Matthew 14:31
289,Matthew 15:3
290,Matthew 15:4
291,Matthew 15:5
292,Matthew 15:6
293,Matthew 15:7
294,Matthew 15:8
295,Matthew 15:9
296,Matthew 15:10
297,Matthew 15:11
298,Matthew 15:13
299,Matthew 15:16
300,Matthew 15:17
301,Matthew 15:18
302,Matthew 15:19
303,Matthew 15:20
304,Matthew 15:24
305,Matthew 15:26
306,Matthew 15:28
307,Matthew 15:32
308,Matthew 15:34
309,Matthew 16:2
310,Matthew 16:3
311,Matthew 16:4
312,Matthew 16:6
313,Matthew 16:8
314,Matthew 16:9
315,Matthew 16:10
316,Matthew 16:11
317,Matthew 16:13
318,Matthew 16:15
319,Matthew 16:17
320,Matthew 16:18
321,Matthew 16:19
322,Matthew 16:23
323,Matthew 16:24
324,Matthew 16:25
325,Matthew 16:26
326,Matthew 16:27
327,Matthew 16:28
328,Matthew 17:7
329,Matthew 17:9
330,Matthew 17:11
331,Matthew 17:12
332,Matthew 17:17
333,Matthew 17:20
334,Matthew 17:21
335,Matthew 17:22
336,Matthew 17:23
337,Matthew 17:25
338,Matthew 17:26
339,Matthew 17:27
340,Matthew 18:3
341,Matthew 18:4
342,Matthew 18:5
343,Matthew 18:6
344,Matthew 18:7
345,Matthew 18:8
346,Matthew 18:9
347,Matthew 18:10
348,Matthew 18:11
349,Matthew 18:12
350,Matthew 18:13
351,Matthew 18:14
352,Matthew 18:15
353,Matthew 18:16
354,Matthew 18:17
355,Matthew 18:18
356,Matthew 18:19
357,Matthew 18:20
358,Matthew 18:22
359,Matthew 18:23
360,Matthew 18:24
361,Matthew 18:25
362,Matthew 18:26
363,Matthew 18:27
364,Matthew 18:28
365,Matthew 18:29
366,Matthew 18:30
367,Matthew 18:31
368,Matthew 18:32
369,Matthew 18:33
370,Matthew 18:34
371,Matthew 18:35
372,Matthew 19:4
373,Matthew 19:5
374,Matthew 19:6
375,Matthew 19:8
376,Matthew 19:9
377,Matthew 19:11
378,Matthew 19:12
379,Matthew 19:14
380,Matthew 19:17
381,Matthew 19:18
382,Matthew 19:19
383,Matthew 19:21
384,Matthew 19:23
385,Matthew 19:24
386,Matthew 19:26
387,Matthew 19:28
388,Matthew 19:29
389,Matthew 19:30
390,Matthew 20:1
391,Matthew 20:2
392,Matthew 20:3
393,Matthew 20:4
394,Matthew 20:5
395,Matthew 20:6
396,Matthew 20:7
397,Matthew 20:8
398,Matthew 20:9
399,Matthew 20:10
400,Matthew 20:11
401,Matthew 20:12
402,Matthew 20:13
403,Matthew 20:14
404,Matthew 20:15
405,Matthew 20:16
406,Matthew 20:18
407,Matthew 20:19
408,Matthew 20:21
409,Matthew 20:22
410,Matthew 20:23
411,Matthew 20:25
412,Matthew 20:26
413,Matthew 20:27
414,Matthew 20:28
415,Matthew 20:32
416,Matthew 21:2
417,Matthew 21:3
418,Matthew 21:13
419,Matthew 21:16
420,Matthew 21:19
421,Matthew 21:21
422,Matthew 21:22
423,Matthew 21:24
424,Matthew 21:25
425,Matthew 21:27
426,Matthew 21:28
427,Matthew 21:29
428,Matthew 21:30
429,Matthew 21:31
430,Matthew 21:31
431,Matthew 21:32
432,Matthew 21:33
433,Matthew 21:34
434,Matthew 21:35
435,Matthew 21:36
436,Matthew 21:37
437,Matthew 21:38
438,Matthew 21:39
439,Matthew 21:40
440,Matthew 21:42
441,Matthew 21:43
442,Matthew 21:44
443,Matthew 22:2
444,Matthew 22:3
445,Matthew 22:4
446,Matthew 22:5
447,Matthew 22:6
448,Matthew 22:7
449,Matthew 22:8
450,Matthew 22:9
451,Matthew 22:10
452,Matthew 22:11
453,Matthew 22:12
454,Matthew 22:13
455,Matthew 22:14
456,Matthew 22:18
457,Matthew 22:20
458,Matthew 22:21
459,Matthew 22:29
460,Matthew 22:30
461,Matthew 22:31
462,Matthew 22:32
463,Matthew 22:37
464,Matthew 22:38
465,Matthew 22:39
466,Matthew 22:40
467,Matthew 22:42
468,Matthew 22:43
469,Matthew 22:44
470,Matthew 22:45
471,Matthew 23:2
472,Matthew 23:3
473,Matthew 23:4
474,Matthew 23:5
475,Matthew 23:6
476,Matthew 23:7
477,Matthew 23:8
478,Matthew 23:9
479,Matthew 23:10
480,Matthew 23:11
481,Matthew 23:12
482,Matthew 23:13
483,Matthew 23:14
484,Matthew 23:15
485,Matthew 23:16
486,Matthew 23:17
487,Matthew 23:18
488,Matthew 23:19
489,Matthew 23:20
490,Matthew 23:21
491,Matthew 23:22
492,Matthew 23:23
493,Matthew 23:24
494,Matthew 23:25
495,Matthew 23:26
496,Matthew 23:27
497,Matthew 23:28
498,Matthew 23:29
499,Matthew 23:30
500,Matthew 23:31
501,Matthew 23:32
502,Matthew 23:33
503,Matthew 23:34
504,Matthew 23:35
505,Matthew 23:36
506,Matthew 23:37
507,Matthew 23:38
508,Matthew 23:39
509,Matthew 24:2
510,Matthew 24:4
511,Matthew 24:5
512,Matthew 24:6
513,Matthew 24:7
514,Matthew 24:8
515,Matthew 24:9
516,Matthew 24:10
517,Matthew 24:11
518,Matthew 24:12
519,Matthew 24:13
520,Matthew 24:14
521,Matthew 24:15
522,Matthew 24:16
523,Matthew 24:17
524,Matthew 24:18
525,Matthew 24:19
526,Matthew 24:20
527,Matthew 24:21
528,Matthew 24:22
529,Matthew 24:23
530,Matthew 24:24
531,Matthew 24:25
532,Matthew 24:26
533,Matthew 24:27
534,Matthew 24:28
535,Matthew 24:29
536,Matthew 24:30
537,Matthew 24:31
538,Matthew 24:32
539,Matthew 24:33
540,Matthew 24:34
541,Matthew 24:35
542,Matthew 24:36
543,Matthew 24:37
544,Matthew 24:38
545,Matthew 24:39
546,Matthew 24:40
547,Matthew 24:41
548,Matthew 24:42
549,Matthew 24:43
550,Matthew 24:44
551,Matthew 24:45
552,Matthew 24:46
553,Matthew 24:47
554,Matthew 24:48
555,Matthew 24:49
556,Matthew 24:50
557,Matthew 24:51
558,Matthew 25:1
559,Matthew 25:2
560,Matthew 25:3
561,Matthew 25:4
562,Matthew 25:5
563,Matthew 25:6
564,Matthew 25:7
565,Matthew 25:8
566,Matthew 25:9
567,Matthew 25:10
568,Matthew 25:11
569,Matthew 25:12
570,Matthew 25:13
571,Matthew 25:14
572,Matthew 25:15
573,Matthew 25:16
574,Matthew 25:17
575,Matthew 25:18
576,Matthew 25:19
577,Matthew 25:20
578,Matthew 25:21
579,Matthew 25:22
580,Matthew 25:23
581,Matthew 25:24
582,Matthew 25:25
583,Matthew 25:26
584,Matthew 25:27
585,Matthew 25:28
586,Matthew 25:29
587,Matthew 25:30
588,Matthew 25:31
589,Matthew 25:32
590,Matthew 25:33
591,Matthew 25:34
592,Matthew 25:35
593,Matthew 25:36
594,Matthew 25:37
595,Matthew 25:38
596,Matthew 25:39
597,Matthew 25:40
598,Matthew 25:41
599,Matthew 25:42
600,Matthew 25:43
601,Matthew 25:44
602,Matthew 25:45
603,Matthew 25:46
604,Matthew 26:2
605,Matthew 26:10
606,Matthew 26:11
607,Matthew 26:12
608,Matthew 26:13
609,Matthew 26:18
610,Matthew 26:21
611,Matthew 26:23
612,Matthew 26:24
613,Matthew 26:25
614,Matthew 26:26
615,Matthew 26:27
616,Matthew 26:28
617,Matthew 26:29
618,Matthew 26:31
619,Matthew 26:32
620,Matthew 26:34
621,Matthew 26:36
622,Matthew 26:38
623,Matthew 26:39
624,Matthew 26:40
625,Matthew 26:41
626,Matthew 26:45
627,Matthew 26:46
628,Matthew 26:50
629,Matthew 26:52
630,Matthew 26:53
631,Matthew 26:54
632,Matthew 26:55
633,Matthew 26:56
634,Matthew 26:64
635,Matthew 26:75
636,Matthew 27:11
637,Matthew 27:46
638,Matthew 27:63
639,Matthew 28:9
640,Matthew 28:10
641,Matthew 28:18
642,Matthew 28:19
643,Matthew 28:20
644,Mark 1:15
645,Mark 1:17
646,Mark 1:25
647,Mark 1:38
648,Mark 1:41
649,Mark 1:44
650,Mark 2:5
651,Mark 2:8
652,Mark 2:9
653,Mark 2:10
654,Mark 2:11
655,Mark 2:14
656,Mark 2:17
657,Mark 2:19
658,Mark 2:20
659,Mark 2:21
660,Mark 2:22
661,Mark 2:25
662,Mark 2:26
663,Mark 2:27
664,Mark 2:28
665,Mark 3:3
666,Mark 3:4
667,Mark 3:5
668,Mark 3:23
669,Mark 3:24
670,Mark 3:25
671,Mark 3:26
672,Mark 3:27
673,Mark 3:28
674,Mark 3:29
675,Mark 3:33
676,Mark 3:34
677,Mark 3:35
678,Mark 4:3
679,Mark 4:4
680,Mark 4:5
681,Mark 4:6
682,Mark 4:7
683,Mark 4:8
684,Mark 4:9
685,Mark 4:11
686,Mark 4:12
687,Mark 4:13
688,Mark 4:14
689,Mark 4:15
690,Mark 4:16
691,Mark 4:17
692,Mark 4:18
693,Mark 4:19
694,Mark 4:20
695,Mark 4:21
696,Mark 4:22
697,Mark 4:23
698,Mark 4:24
699,Mark 4:25
700,Mark 4:26
701,Mark 4:27
702,Mark 4:28
703,Mark 4:29
704,Mark 4:30
705,Mark 4:31
706,Mark 4:32
707,Mark 4:35
708,Mark 4:39
709,Mark 4:40
710,Mark 5:8
711,Mark 5:9
712,Mark 5:19
713,Mark 5:30
714,Mark 5:34
715,Mark 5:36
716,Mark 5:39
717,Mark 5:41
718,Mark 6:4
719,Mark 6:10
720,Mark 6:11
721,Mark 6:31
722,Mark 6:37
723,Mark 6:38
724,Mark 6:50
725,Mark 7:6
726,Mark 7:7
727,Mark 7:8
728,Mark 7:9
729,Mark 7:10
730,Mark 7:11
731,Mark 7:12
732,Mark 7:13
733,Mark 7:14
734,Mark 7:15
735,Mark 7:16
736,Mark 7:18
737,Mark 7:19
738,Mark 7:20
739,Mark 7:21
740,Mark 7:22
741,Mark 7:23
742,Mark 7:27
743,Mark 7:29
744,Mark 7:34
745,Mark 8:2
746,Mark 8:3
747,Mark 8:5
748,Mark 8:12
749,Mark 8:15
750,Mark 8:17
751,Mark 8:18
752,Mark 8:19
753,Mark 8:20
754,Mark 8:21
755,Mark 8:26
756,Mark 8:27
757,Mark 8:29
758,Mark 8:33
759,Mark 8:34
760,Mark 8:35
761,Mark 8:36
762,Mark 8:37
763,Mark 8:38
764,Mark 9:1
765,Mark 9:12
766,Mark 9:13
767,Mark 9:16
768,Mark 9:19
769,Mark 9:21
770,Mark 9:23
771,Mark 9:25
772,Mark 9:29
773,Mark 9:31
774,Mark 9:33
775,Mark 9:35
776,Mark 9:37
777,Mark 9:39
778,Mark 9:40
779,Mark 9:41
780,Mark 9:42
781,Mark 9:43
782,Mark 9:44
783,Mark 9:45
784,Mark 9:46
785,Mark 9:47
786,Mark 9:48
787,Mark 9:49
788,Mark 9:50
789,Mark 10:3
790,Mark 10:5
791,Mark 10:6
792,Mark 10:7
793,Mark 10:8
794,Mark 10:9
795,Mark 10:11
796,Mark 10:12
797,Mark 10:14
798,Mark 10:15
799,Mark 10:18
800,Mark 10:19
801,Mark 10:21
802,Mark 10:23
803,Mark 10:24
804,Mark 10:25
805,Mark 10:27
806,Mark 10:29
807,Mark 10:30
808,Mark 10:31
809,Mark 10:33
810,Mark 10:34
811,Mark 10:36
812,Mark 10:38
813,Mark 10:39
814,Mark 10:40
815,Mark 10:42
816,Mark 10:43
817,Mark 10:44
818,Mark 10:45
819,Mark 10:51
820,Mark 10:52
821,Mark 11:2
822,Mark 11:3
823,Mark 11:14
824,Mark 11:17
825,Mark 11:22
826,Mark 11:23
827,Mark 11:24
828,Mark 11:25
829,Mark 11:26
830,Mark 11:29
831,Mark 11:30
832,Mark 11:33
833,Mark 12:1
834,Mark 12:2
835,Mark 12:3
836,Mark 12:4
837,Mark 12:5
838,Mark 12:6
839,Mark 12:7
840,Mark 12:8
841,Mark 12:9
842,Mark 12:10
843,Mark 12:11
844,Mark 12:15
845,Mark 12:16
846,Mark 12:17
847,Mark 12:24
848,Mark 12:25
849,Mark 12:26
850,Mark 12:27
851,Mark 12:29
852,Mark 12:30
853,Mark 12:31
854,Mark 12:34
855,Mark 12:35
856,Mark 12:36
857,Mark 12:37
858,Mark 12:38
859,Mark 12:39
860,Mark 12:40
861,Mark 12:43
862,Mark 12:44
863,Mark 13:2
864,Mark 13:5
865,Mark 13:6
866,Mark 13:7
867,Mark 13:8
868,Mark 13:9
869,Mark 13:10
870,Mark 13:11
871,Mark 13:12
872,Mark 13:13
873,Mark 13:14
874,Mark 13:15
875,Mark 13:16
876,Mark 13:17
877,Mark 13:18
878,Mark 13:19
879,Mark 13:20
880,Mark 13:21
881,Mark 13:22
882,Mark 13:23
883,Mark 13:24
884,Mark 13:25
885,Mark 13:26
886,Mark 13:27
887,Mark 13:28
888,Mark 13:29
889,Mark 13:30
890,Mark 13:31
891,Mark 13:32
892,Mark 13:33
893,Mark 13:34
894,Mark 13:35
895,Mark 13:36
896,Mark 13:37
897,Mark 14:6
898,Mark 14:7
899,Mark 14:8
900,Mark 14:9
901,Mark 14:13
902,Mark 14:14
903,Mark 14:15
904,Mark 14:18
905,Mark 14:20
906,Mark 14:21
907,Mark 14:22
908,Mark 14:24
909,Mark 14:27
910,Mark 14:28
911,Mark 14:30
912,Mark 14:32
913,Mark 14:34
914,Mark 14:36
915,Mark 14:37
916,Mark 14:38
917,Mark 14:41
918,Mark 14:42
919,Mark 14:48
920,Mark 14:49
921,Mark 14:62
922,Mark 14:72
923,Mark 15:2
924,Mark 15:34
925,Mark 16:15
926,Mark 16:16
927,Mark 16:17
928,Mark 16:18
929,Luke 2:49
930,Luke 4:4
931,Luke 4:8
932,Luke 4:12
933,Luke 4:18
934,Luke 4:19
935,Luke 4:21
936,Luke 4:23
937,Luke 4:24
938,Luke 4:25
939,Luke 4:26
940,Luke 4:27
941,Luke 4:35
942,Luke 4:43
943,Luke 5:4
944,Luke 5:10
945,Luke 5:14
946,Luke 5:20
947,Luke 5:22
948,Luke 5:23
949,Luke 5:24
950,Luke 5:27
951,Luke 5:31
952,Luke 5:32
953,Luke 5:34
954,Luke 5:35
955,Luke 5:36
956,Luke 5:37
957,Luke 5:38
958,Luke 5:39
959,Luke 6:3
960,Luke 6:4
961,Luke 6:5
962,Luke 6:8
963,Luke 6:9
964,Luke 6:10
965,Luke 6:20
966,Luke 6:21
967,Luke 6:22
968,Luke 6:23
969,Luke 6:24
970,Luke 6:25
971,Luke 6:26
972,Luke 6:27
973,Luke 6:28
974,Luke 6:29
975,Luke 6:30
976,Luke 6:31
977,Luke 6:32
978,Luke 6:33
979,Luke 6:34
980,Luke 6:35
981,Luke 6:36
982,Luke 6:37
983,Luke 6:38
984,Luke 6:39
985,Luke 6:40
986,Luke 6:41
987,Luke 6:42
988,Luke 6:43
989,Luke 6:44
990,Luke 6:45
991,Luke 6:46
992,Luke 6:47
993,Luke 6:48
994,Luke 6:49
995,Luke 7:9
996,Luke 7:13
997,Luke 7:14
998,Luke 7:22
999,Luke 7:23
1000,Luke 7:24
1001,Luke 7:25
1002,Luke 7:26
1003,Luke 7:27
1004,Luke 7:28
1005,Luke 7:31
1006,Luke 7:32
1007,Luke 7:33
1008,Luke 7:34
1009,Luke 7:35
1010,Luke 7:40
1011,Luke 7:41
1012,Luke 7:42
1013,Luke 7:43
1014,Luke 7:44
1015,Luke 7:45
1016,Luke 7:46
1017,Luke 7:47
1018,Luke 7:48
1019,Luke 7:50
1020,Luke 8:5
1021,Luke 8:6
1022,Luke 8:7
1023,Luke 8:8
1024,Luke 8:10
1025,Luke 8:11
1026,Luke 8:12
1027,Luke 8:13
1028,Luke 8:14
1029,Luke 8:15
1030,Luke 8:16
1031,Luke 8:17
1032,Luke 8:18
1033,Luke 8:21
1034,Luke 8:22
1035,Luke 8:25
1036,Luke 8:30
1037,Luke 8:39
1038,Luke 8:45
1039,Luke 8:46
1040,Luke 8:48
1041,Luke 8:50
1042,Luke 8:52
1043,Luke 8:54
1044,Luke 9:3
1045,Luke 9:4
1046,Luke 9:5
1047,Luke 9:13
1048,Luke 9:14
1049,Luke 9:18
1050,Luke 9:20
1051,Luke 9:22
1052,Luke 9:23
1053,Luke 9:24
1054,Luke 9:25
1055,Luke 9:26
1056,Luke 9:27
1057,Luke 9:41
1058,Luke 9:44
1059,Luke 9:48
1060,Luke 9:50
1061,Luke 9:55
1062,Luke 9:56
1063,Luke 9:58
1064,Luke 9:59
1065,Luke 9:60
1066,Luke 9:62
1067,Luke 10:2
1068,Luke 10:3
1069,Luke 10:4
1070,Luke 10:5
1071,Luke 10:6
1072,Luke 10:7
1073,Luke 10:8
1074,Luke 10:9
1075,Luke 10:10
1076,Luke 10:11
1077,Luke 10:12
1078,Luke 10:13
1079,Luke 10:14
1080,Luke 10:15
1081,Luke 10:16
1082,Luke 10:18
1083,Luke 10:19
1084,Luke 10:20
1085,Luke 10:21
1086,Luke 10:22
1087,Luke 10:23
1088,Luke 10:24
1089,Luke 10:26
1090,Luke 10:28
1091,Luke 10:30
1092,Luke 10:31
1093,Luke 10:32
1094,Luke 10:33
1095,Luke 10:34
1096,Luke 10:35
1097,Luke 10:36
1098,Luke 10:37
1099,Luke 10:41
1100,Luke 10:42
1101,Luke 11:2
1102,Luke 11:3
1103,Luke 11:4
1104,Luke 11:5
1105,Luke 11:6
1106,Luke 11:7
1107,Luke 11:8
1108,Luke 11:9
1109,Luke 11:10
1110,Luke 11:11
1111,Luke 11:12
1112,Luke 11:13
1113,Luke 11:17
1114,Luke 11:18
1115,Luke 11:19
1116,Luke 11:20
1117,Luke 11:21
1118,Luke 11:22
1119,Luke 11:23
1120,Luke 11:24
1121,Luke 11:25
1122,Luke 11:26
1123,Luke 11:28
1124,Luke 11:29
1125,Luke 11:30
1126,Luke 11:31
1127,Luke 11:32
1128,Luke 11:33
1129,Luke 11:34
1130,Luke 11:35
1131,Luke 11:36
1132,Luke 11:39
1133,Luke 11:40
1134,Luke 11:41
1135,Luke 11:42
1136,Luke 11:43
1137,Luke 11:44
1138,Luke 11:46
1139,Luke 11:47
1140,Luke 11:48
1141,Luke 11:49
1142,Luke 11:50
1143,Luke 11:51
1144,Luke 11:52
1145,Luke 12:1
1146,Luke 12:2
1147,Luke 12:3
1148,Luke 12:4
1149,Luke 12:5
1150,Luke 12:6
1151,Luke 12:7
1152,Luke 12:8
1153,Luke 12:9
1154,Luke 12:10
1155,Luke 12:11
1156,Luke 12:12
1157,Luke 12:14
1158,Luke 12:15
1159,Luke 12:16
1160,Luke 12:17
1161,Luke 12:18
1162,Luke 12:19
1163,Luke 12:20
1164,Luke 12:21
1165,Luke 12:22
1166,Luke 12:23
1167,Luke 12:24
1168,Luke 12:25
1169,Luke 12:26
1170,Luke 12:27
1171,Luke 12:28
1172,Luke 12:29
1173,Luke 12:30
1174,Luke 12:31
1175,Luke 12:32
1176,Luke 12:33
1177,Luke 12:34
1178,Luke 12:35
1179,Luke 12:36
1180,Luke 12:37
1181,Luke 12:38
1182,Luke 12:39
1183,Luke 12:40
1184,Luke 12:42
1185,Luke 12:43
1186,Luke 12:44
1187,Luke 12:45
1188,Luke 12:46
1189,Luke 12:47
1190,Luke 12:48
1191,Luke 12:49
1192,Luke 12:50
1193,Luke 12:51
1194,Luke 12:52
1195,Luke 12:53
1196,Luke 12:54
1197,Luke 12:55
1198,Luke 12:56
1199,Luke 12:57
1200,Luke 12:58
1201,Luke 12:59
1202,Luke 13:2
1203,Luke 13:3
1204,Luke 13:4
1205,Luke 13:5
1206,Luke 13:6
1207,Luke 13:7
1208,Luke 13:8
1209,Luke 13:9
1210,Luke 13:12
1211,Luke 13:15
1212,Luke 13:16
1213,Luke 13:18
1214,Luke 13:19
1215,Luke 13:20
1216,Luke 13:21
1217,Luke 13:24
1218,Luke 13:25
1219,Luke 13:26
1220,Luke 13:27
1221,Luke 13:28
1222,Luke 13:29
1223,Luke 13:30
1224,Luke 13:32
1225,Luke 13:33
1226,Luke 13:34
1227,Luke 13:35
1228,Luke 14:3
1229,Luke 14:5
1230,Luke 14:8
1231,Luke 14:9
1232,Luke 14:10
1233,Luke 14:11
1234,Luke 14:12
1235,Luke 14:13
1236,Luke 14:14
1237,Luke 14:16
1238,Luke 14:17
1239,Luke 14:18
1240,Luke 14:19
1241,Luke 14:20
1242,Luke 14:21
1243,Luke 14:22
1244,Luke 14:23
1245,Luke 14:24
1246,Luke 14:26
1247,Luke 14:27
1248,Luke 14:28
1249,Luke 14:29
1250,Luke 14:30
1251,Luke 14:31
1252,Luke 14:32
1253,Luke 14:33
1254,Luke 14:34
1255,Luke 14:35
1256,Luke 15:4
1257,Luke 15:5
1258,Luke 15:6
1259,Luke 15:7
1260,Luke 15:8
1261,Luke 15:9
1262,Luke 15:10
1263,Luke 15:11
1264,Luke 15:12
1265,Luke 15:13
1266,Luke 15:14
1267,Luke 15:15
1268,Luke 15:16
1269,Luke 15:17
1270,Luke 15:18
1271,Luke 15:19
1272,Luke 15:20
1273,Luke 15:21
1274,Luke 15:22
1275,Luke 15:23
1276,Luke 15:24
1277,Luke 15:25
1278,Luke 15:26
1279,Luke 15:27
1280,Luke 15:28
1281,Luke 15:29
1282,Luke 15:30
1283,Luke 15:31
1284,Luke 15:32
1285,Luke 16:1
1286,Luke 16:2
1287,Luke 16:3
1288,Luke 16:4
1289,Luke 16:5
1290,Luke 16:6
1291,Luke 16:7
1292,Luke 16:8
1293,Luke 16:9
1294,Luke 16:10
1295,Luke 16:11
1296,Luke 16:12
1297,Luke 16:13
1298,Luke 16:15
1299,Luke 16:16
1300,Luke 16:17
1301,Luke 16:18
1302,Luke 16:19
1303,Luke 16:20
1304,Luke 16:21
1305,Luke 16:22
1306,Luke 16:23
1307,Luke 16:24
1308,Luke 16:25
1309,Luke 16:26
1310,Luke 16:27
1311,Luke 16:28
1312,Luke 16:29
1313,Luke 16:30
1314,Luke 16:31
1315,Luke 17:1
1316,Luke 17:2
1317,Luke 17:3
1318,Luke 17:4
1319,Luke 17:6
1320,Luke 17:7
1321,Luke 17:8
1322,Luke 17:9
1323,Luke 17:10
1324,Luke 17:14
1325,Luke 17:17
1326,Luke 17:18
1327,Luke 17:19
1328,Luke 17:20
1329,Luke 17:21
1330,Luke 17:22
1331,Luke 17:23
1332,Luke 17:24
1333,Luke 17:25
1334,Luke 17:26
1335,Luke 17:27
1336,Luke 17:28
1337,Luke 17:29
1338,Luke 17:30
1339,Luke 17:31
1340,Luke 17:32
1341,Luke 17:33
1342,Luke 17:34
1343,Luke 17:35
1344,Luke 17:36
1345,Luke 17:37
1346,Luke 18:2
1347,Luke 18:3
1348,Luke 18:4
1349,Luke 18:5
1350,Luke 18:6
1351,Luke 18:7
1352,Luke 18:8
1353,Luke 18:10
1354,Luke 18:11
1355,Luke 18:12
1356,Luke 18:13
1357,Luke 18:14
1358,Luke 18:16
1359,Luke 18:17
1360,Luke 18:19
1361,Luke 18:20
1362,Luke 18:22
1363,Luke 18:24
1364,Luke 18:25
1365,Luke 18:27
1366,Luke 18:29
1367,Luke 18:30
1368,Luke 18:31
1369,Luke 18:32
1370,Luke 18:33
1371,Luke 18:41
1372,Luke 18:42
1373,Luke 19:5
1374,Luke 19:9
1375,Luke 19:10
1376,Luke 19:12
1377,Luke 19:13
1378,Luke 19:14
1379,Luke 19:15
1380,Luke 19:16
1381,Luke 19:17
1382,Luke 19:18
1383,Luke 19:19
1384,Luke 19:20
1385,Luke 19:21
1386,Luke 19:22
1387,Luke 19:23
1388,Luke 19:24
1389,Luke 19:25
1390,Luke 19:26
1391,Luke 19:27
1392,Luke 19:30
1393,Luke 19:31
1394,Luke 19:40
1395,Luke 19:42
1396,Luke 19:43
1397,Luke 19:44
1398,Luke 19:46
1399,Luke 20:3
1400,Luke 20:4
1401,Luke 20:8
1402,Luke 20:9
1403,Luke 20:10
1404,Luke 20:11
1405,Luke 20:12
1406,Luke 20:13
1407,Luke 20:14
1408,Luke 20:15
1409,Luke 20:16
1410,Luke 20:17
1411,Luke 20:18
1412,Luke 20:23
1413,Luke 20:24
1414,Luke 20:25
1415,Luke 20:34
1416,Luke 20:35
1417,Luke 20:36
1418,Luke 20:37
1419,Luke 20:38
1420,Luke 20:41
1421,Luke 20:42
1422,Luke 20:43
1423,Luke 20:44
1424,Luke 20:46
1425,Luke 20:47
1426,Luke 21:3
1427,Luke 21:4
1428,Luke 21:6
1429,Luke 21:8
1430,Luke 21:9
1431,Luke 21:10
1432,Luke 21:11
1433,Luke 21:12
1434,Luke 21:13
1435,Luke 21:14
1436,Luke 21:15
1437,Luke 21:16
1438,Luke 21:17
1439,Luke 21:18
1440,Luke 21:19
1441,Luke 21:20
1442,Luke 21:21
1443,Luke 21:22
1444,Luke 21:23
1445,Luke 21:24
1446,Luke 21:25
1447,Luke 21:26
1448,Luke 21:27
1449,Luke 21:28
1450,Luke 21:29
1451,Luke 21:30
1452,Luke 21:31
1453,Luke 21:32
1454,Luke 21:33
1455,Luke 21:34
1456,Luke 21:35
1457,Luke 21:36
1458,Luke 22:8
1459,Luke 22:10
1460,Luke 22:11
1461,Luke 22:12
1462,Luke 22:15
1463,Luke 22:16
1464,Luke 22:17
1465,Luke 22:18
1466,Luke 22:19
1467,Luke 22:20
1468,Luke 22:21
1469,Luke 22:22
1470,Luke 22:25
1471,Luke 22:26
1472,Luke 22:27
1473,Luke 22:28
1474,Luke 22:29
1475,Luke 22:30
1476,Luke 22:31
1477,Luke 22:32
1478,Luke 22:34
1479,Luke 22:35
1480,Luke 22:36
1481,Luke 22:37
1482,Luke 22:38
1483,Luke 22:40
1484,Luke 22:42
1485,Luke 22:46
1486,Luke 22:48
1487,Luke 22:51
1488,Luke 22:52
1489,Luke 22:53
1490,Luke 22:61
1491,Luke 22:67
1492,Luke 22:68
1493,Luke 22:69
1494,Luke 22:70
1495,Luke 23:3
1496,Luke 23:28
1497,Luke 23:29
1498,Luke 23:30
1499,Luke 23:31
1500,Luke 23:34
1501,Luke 23:43
1502,Luke 23:46
1503,Luke 24:7
1504,Luke 24:17
1505,Luke 24:19
1506,Luke 24:25
1507,Luke 24:26
1508,Luke 24:36
1509,Luke 24:38
1510,Luke 24:39
1511,Luke 24:44
1512,Luke 24:46
1513,Luke 24:47
1514,Luke 24:48
1515,Luke 24:49
1516,John 1:38
1517,John 1:39
1518,John 1:42
1519,John 1:43
1520,John 1:47
1521,John 1:48
1522,John 1:50
1523,John 1:51
1524,John 2:4
1525,John 2:7
1526,John 2:8
1527,John 2:16
1528,John 2:19
1529,John 3:3
1530,John 3:5
1531,John 3:6
1532,John 3:7
1533,John 3:8
1534,John 3:10
1535,John 3:11
1536,John 3:12
1537,John 3:13
1538,John 3:14
1539,John 3:15
1540,John 3:16
1541,John 3:17
1542,John 3:18
1543,John 3:19
1544,John 3:20
1545,John 3:21
1546,John 4:7
1547,John 4:10
1548,John 4:13
1549,John 4:14
1550,John 4:16
1551,John 4:17
1552,John 4:18
1553,John 4:21
1554,John 4:22
1555,John 4:23
1556,John 4:24
1557,John 4:26
1558,John 4:32
1559,John 4:34
1560,John 4:35
1561,John 4:36
1562,John 4:37
1563,John 4:38
1564,John 4:48
1565,John 4:50
1566,John 4:53
1567,John 5:6
1568,John 5:8
1569,John 5:11
1570,John 5:12
1571,John 5:14
1572,John 5:17
1573,John 5:19
1574,John 5:20
1575,John 5:21
1576,John 5:22
1577,John 5:23
1578,John 5:24
1579,John 5:25
1580,John 5:26
1581,John 5:27
1582,John 5:28
1583,John 5:29
1584,John 5:30
1585,John 5:31
1586,John 5:32
1587,John 5:33
1588,John 5:34
1589,John 5:35
1590,John 5:36
1591,John 5:37
1592,John 5:38
1593,John 5:39
1594,John 5:40
1595,John 5:41
1596,John 5:42
1597,John 5:43
1598,John 5:44
1599,John 5:45
1600,John 5:46
1601,John 5:47
1602,John 6:5
1603,John 6:10
1604,John 6:12
1605,John 6:20 
1606,John 6:26
1607,John 6:27
1608,John 6:29
1609,John 6:32
1610,John 6:33
1611,John 6:35
1612,John 6:36
1613,John 6:37
1614,John 6:38
1615,John 6:39
1616,John 6:40
1617,John 6:43
1618,John 6:44
1619,John 6:45
1620,John 6:46
1621,John 6:47
1622,John 6:48
1623,John 6:49
1624,John 6:50
1625,John 6:51
1626,John 6:53
1627,John 6:54
1628,John 6:55
1629,John 6:56
1630,John 6:57
1631,John 6:58
1632,John 6:61
1633,John 6:62
1634,John 6:63
1635,John 6:64
1636,John 6:65
1637,John 6:67
1638,John 6:70
1639,John 7:6
1640,John 7:7
1641,John 7:8
1642,John 7:16
1643,John 7:17
1644,John 7:18
1645,John 7:19
1646,John 7:21
1647,John 7:22
1648,John 7:23
1649,John 7:24
1650,John 7:28
1651,John 7:29
1652,John 7:33
1653,John 7:34
1654,John 7:36
1655,John 7:37
1656,John 7:38
1657,John 8:7
1658,John 8:10
1659,John 8:11
1660,John 8:12
1661,John 8:14
1662,John 8:15
1663,John 8:16
1664,John 8:17
1665,John 8:18
1666,John 8:19
1667,John 8:21
1668,John 8:23
1669,John 8:24
1670,John 8:25
1671,John 8:26
1672,John 8:28
1673,John 8:29
1674,John 8:31
1675,John 8:32
1676,John 8:31
1677,John 8:32
1678,John 8:33
1679,John 8:34
1680,John 8:35
1681,John 8:36
1682,John 8:37
1683,John 8:38
1684,John 8:39
1685,John 8:40
1686,John 8:41
1687,John 8:42
1688,John 8:43
1689,John 8:44
1690,John 8:45
1691,John 8:46
1692,John 8:47
1693,John 8:49
1694,John 8:50
1695,John 8:51
1696,John 8:52
1697,John 8:54
1698,John 8:55
1699,John 8:56
1700,John 8:58
1701,John 9:3
1702,John 9:4
1703,John 9:5
1704,John 9:7
1705,John 9:11
1706,John 9:35
1707,John 9:37
1708,John 9:39
1709,John 9:41
1710,John 10:1
1711,John 10:2
1712,John 10:3
1713,John 10:4
1714,John 10:5
1715,John 10:7
1716,John 10:8
1717,John 10:9
1718,John 10:10
1719,John 10:11
1720,John 10:12
1721,John 10:13
1722,John 10:14
1723,John 10:15
1724,John 10:16
1725,John 10:17
1726,John 10:18
1727,John 10:25
1728,John 10:26
1729,John 10:27
1730,John 10:28
1731,John 10:29
1732,John 10:30
1733,John 10:32
1734,John 10:34
1735,John 10:35
1736,John 10:36
1737,John 10:37
1738,John 10:38
1739,John 11:4
1740,John 11:7
1741,John 11:9
1742,John 11:10
1743,John 11:11
1744,John 11:14
1745,John 11:15
1746,John 11:23
1747,John 11:25
1748,John 11:26
1749,John 11:34
1750,John 11:39
1751,John 11:40
1752,John 11:41
1753,John 11:42
1754,John 11:43
1755,John 11:44
1756,John 12:7
1757,John 12:8
1758,John 12:23
1759,John 12:24
1760,John 12:25
1761,John 12:26
1762,John 12:27
1763,John 12:28
1764,John 12:30
1765,John 12:31
1766,John 12:32
1767,John 12:34
1768,John 12:35
1769,John 12:36
1770,John 12:44
1771,John 12:45
1772,John 12:46
1773,John 12:47
1774,John 12:48
1775,John 12:49
1776,John 12:50
1777,John 13:7
1778,John 13:10
1779,John 13:12
1780,John 13:13
1781,John 13:14
1782,John 13:15
1783,John 13:16
1784,John 13:17
1785,John 13:18
1786,John 13:19
1787,John 13:20
1788,John 13:26
1789,John 13:27
1790,John 13:31
1791,John 13:32
1792,John 13:33
1793,John 13:34
1794,John 13:35
1795,John 13:36
1796,John 13:38
1797,John 14:1
1798,John 14:2
1799,John 14:3
1800,John 14:4
1801,John 14:6
1802,John 14:7
1803,John 14:9
1804,John 14:10
1805,John 14:11
1806,John 14:12
1807,John 14:13
1808,John 14:14
1809,John 14:15
1810,John 14:16
1811,John 14:17
1812,John 14:18
1813,John 14:19
1814,John 14:20
1815,John 14:21
1816,John 14:23
1817,John 14:24
1818,John 14:25
1819,John 14:26
1820,John 14:27
1821,John 14:28
1822,John 14:29
1823,John 14:30
1824,John 14:31
1825,John 15:1
1826,John 15:2
1827,John 15:3
1828,John 15:4
1829,John 15:5
1830,John 15:6
1831,John 15:7
1832,John 15:8
1833,John 15:9
1834,John 15:10
1835,John 15:11
1836,John 15:12
1837,John 15:13
1838,John 15:14
1839,John 15:15
1840,John 15:16
1841,John 15:17
1842,John 15:18
1843,John 15:19
1844,John 15:20
1845,John 15:21
1846,John 15:22
1847,John 15:23
1848,John 15:24
1849,John 15:25
1850,John 15:26
1851,John 15:27
1852,John 16:1
1853,John 16:2
1854,John 16:3
1855,John 16:4
1856,John 16:5
1857,John 16:6
1858,John 16:7
1859,John 16:8
1860,John 16:9
1861,John 16:10
1862,John 16:11
1863,John 16:12
1864,John 16:13
1865,John 16:14
1866,John 16:15
1867,John 16:16
1868,John 16:17
1869,John 16:18
1870,John 16:19
1871,John 16:20
1872,John 16:21
1873,John 16:22
1874,John 16:23
1875,John 16:24
1876,John 16:25
1877,John 16:26
1878,John 16:27
1879,John 16:28
1880,John 16:31
1881,John 16:32
1882,John 16:33
1883,John 17:1
1884,John 17:2
1885,John 17:3
1886,John 17:4
1887,John 17:5
1888,John 17:6
1889,John 17:7
1890,John 17:8
1891,John 17:9
1892,John 17:10
1893,John 17:11
1894,John 17:12
1895,John 17:13
1896,John 17:14
1897,John 17:15
1898,John 17:16
1899,John 17:17
1900,John 17:18
1901,John 17:19
1902,John 17:20
1903,John 17:21
1904,John 17:22
1905,John 17:23
1906,John 17:24
1907,John 17:25
1908,John 17:26
1909,John 18:5
1910,John 18:6
1911,John 18:7
1912,John 18:8
1913,John 18:9
1914,John 18:11
1915,John 18:20
1916,John 18:21
1917,John 18:23
1918,John 18:34
1919,John 18:36
1920,John 18:37
1921,John 19:11
1922,John 19:26
1923,John 19:27
1924,John 19:28
1925,John 19:30
1926,John 20:15
1927,John 20:16
1928,John 20:17
1929,John 20:19
1930,John 20:21
1931,John 20:22
1932,John 20:23
1933,John 20:26
1934,John 20:27
1935,John 20:29
1936,John 21:5
1937,John 21:6
1938,John 21:10
1939,John 21:12
1940,John 21:15
1941,John 21:16
1942,John 21:17
1943,John 21:18
1944,John 21:19
1945,John 21:22
1946,John 21:23
1947,Acts 1:4
1948,Acts 1:7
1949,Acts 1:8
1950,Acts 9:4
1951,Acts 9:5
1952,Acts 9:6
1953,Acts 9:10
1954,Acts 9:11
1955,Acts 9:12
1956,Acts 9:15
1957,Acts 9:16
1958,Acts 10:13
1959,Acts 10:15
1960,Acts 11:7
1961,Acts 11:9
1962,Acts 11:16
1963,Acts 18:9
1964,Acts 18:10
1965,Acts 20:35
1966,Acts 22:7
1967,Acts 22:8
1968,Acts 22:10
1969,Acts 22:18
1970,Acts 22:21
1971,Acts 23:11
1972,Acts 26:14
1973,Acts 26:15
1974,1 Corinthians 11:24
1975,1 Corinthians 11:25
1976,2 Corinthians 12:9
1977,Revelation 1:8
1978,Revelation 1:11
1979,Revelation 1:17
1980,Revelation 1:18
1981,Revelation 1:19
1982,Revelation 1:20
1983,Revelation 2:1
1984,Revelation 2:2
1985,Revelation 2:3
1986,Revelation 2:4
1987,Revelation 2:5
1988,Revelation 2:6
1989,Revelation 2:7
1990,Revelation 2:8
1991,Revelation 2:9
1992,Revelation 2:10
1993,Revelation 2:11
1994,Revelation 2:12
1995,Revelation 2:13
1996,Revelation 2:14
1997,Revelation 2:15
1998,Revelation 2:16
1999,Revelation 2:17
2000,Revelation 2:18
2001,Revelation 2:19
2002,Revelation 2:20
2003,Revelation 2:21
2004,Revelation 2:22
2005,Revelation 2:23
2006,Revelation 2:24
2007,Revelation 2:25
2008,Revelation 2:26
2009,Revelation 2:27
2010,Revelation 2:28
2011,Revelation 2:29
2012,Revelation 3:1
2013,Revelation 3:2
2014,Revelation 3:3
2015,Revelation 3:4
2016,Revelation 3:5
2017,Revelation 3:6
2018,Revelation 3:7
2019,Revelation 3:8
2020,Revelation 3:9
2021,Revelation 3:10
2022,Revelation 3:11
2023,Revelation 3:12
2024,Revelation 3:13
2025,Revelation 3:14
2026,Revelation 3:15
2027,Revelation 3:16
2028,Revelation 3:17
2029,Revelation 3:18
2030,Revelation 3:19
2031,Revelation 3:20
2032,Revelation 3:21
2033,Revelation 3:22
2034,Revelation 16:15
2035,Revelation 22:7
2036,Revelation 22:12
2037,Revelation 22:13
2038,Revelation 22:16
2039,Revelation 22:20
